{"cameraMode":{"drawMode":0,"name":"Shaded","section":"Shading Mode"},"sceneLighting":false,"audioPlay":false,"sceneViewState":{"showFog":false,"showMaterialUpdate":true,"showSkybox":false,"showFlares":true,"showImageEffects":true,"showParticleSystems":true},"in2DMode":false,"pivot":{"x":0.017000000923871995,"y":0.16300000250339509,"z":-49.73099899291992},"rotation":{"x":0.16572394967079163,"y":0.009468440897762776,"z":-0.0015912551898509265,"w":0.9861254692077637},"size":1687.9759521484375,"orthographic":true}